Model,Precision,Recall,F1
Isolation Forest,0.000429,0.00022,0.000291
LOF,0.117672,0.120572,0.119105
DBSCAN,0.040419,0.354904,0.072573
